model_id,count,sum,accuracy
claude-opus-4-6,745,73,0.09798657718120805
claude-sonnet-4-6,745,69,0.09261744966442953
