answer_type,count,sum,accuracy
exactMatch,570,26,0.0456140350877193
multipleChoice,920,116,0.12608695652173912
